Cell_ID,Machine,OCV,DCIR,Capacity,Final_Result,Defect_Type
100000,M2,3.671,16.33,27.93,PASS,None
100001,M4,3.666,17.05,27.53,PASS,None
100002,M2,3.695,16.59,27.69,PASS,None
100003,M1,3.668,17.18,27.52,PASS,None
100004,M1,3.622,17.68,27.33,PASS,None
100005,M4,3.652,19.26,26.94,PASS,None
100006,M1,3.641,17.52,27.55,PASS,None
100007,M6,3.683,15.62,27.31,PASS,None
100008,M6,3.686,19.71,27.3,PASS,None
100009,M2,3.662,16.74,27.38,PASS,None
100010,M1,3.73,17.91,27.94,PASS,None
100011,M7,3.71,18.67,28.1,PASS,None
100012,M6,3.618,18.3,27.55,PASS,None
100013,M1,3.697,19.64,27.38,PASS,None
100014,M2,3.67,18.72,27.21,PASS,None
100015,M5,3.661,16.71,27.62,PASS,None
100016,M3,3.625,21.27,27.95,PASS,None
100017,M5,3.662,18.29,27.44,FAIL,None
100018,M3,3.71,17.78,26.91,PASS,None
100019,M3,3.686,19.45,27.67,PASS,None
100020,M4,3.672,18.37,27.75,PASS,None
100021,M4,3.709,18.6,27.1,PASS,None
100022,M5,3.712,21.74,27.54,FAIL,None
100023,M4,3.701,17.59,27.61,PASS,None
100024,M8,3.733,17.52,27.48,PASS,None
100025,M4,3.689,18.17,27.3,PASS,None
100026,M7,3.613,19.61,27.75,PASS,None
100027,M4,3.728,15.74,27.4,PASS,None
100028,M2,3.665,15.05,27.13,PASS,None
100029,M3,3.661,17.12,26.99,PASS,None
100030,M7,3.71,15.55,27.82,PASS,None
100031,M5,3.673,17.36,27.65,PASS,None
100032,M5,3.691,18.75,27.52,PASS,None
100033,M5,3.634,16.66,27.39,PASS,None
100034,M1,3.66,15.86,27.37,PASS,None
100035,M3,3.734,18.1,27.23,PASS,None
100036,M4,3.679,19.29,27.39,PASS,None
100037,M1,3.68,15.46,26.97,PASS,None
100038,M1,3.688,19.23,27.32,PASS,None
100039,M4,3.718,19.23,27.42,PASS,None
100040,M2,3.648,19.43,27.65,PASS,None
100041,M3,3.708,19.83,27.49,PASS,None
100042,M3,3.654,21.3,27.7,PASS,None
100043,M4,3.63,17.47,27.84,PASS,None
100044,M5,3.696,18.16,27.76,PASS,None
100045,M8,3.66,17.38,27.62,PASS,None
100046,M4,3.642,18.0,27.5,PASS,None
100047,M1,3.632,20.3,27.25,PASS,None
100048,M4,3.705,15.98,27.68,PASS,None
100049,M4,3.695,16.71,27.92,PASS,None
100050,M2,3.697,20.07,27.59,PASS,None
100051,M8,3.693,19.53,27.98,PASS,None
100052,M8,3.698,17.46,27.12,PASS,None
100053,M4,3.646,19.28,27.21,PASS,None
100054,M6,3.655,18.51,27.71,PASS,None
100055,M1,3.703,20.25,27.57,PASS,None
100056,M1,3.652,18.11,27.83,PASS,None
100057,M2,3.68,19.54,27.5,PASS,None
100058,M8,3.702,21.96,27.28,PASS,None
100059,M5,3.675,18.9,27.45,PASS,None
100060,M8,3.649,18.07,27.12,PASS,None
100061,M1,3.682,19.08,27.22,PASS,None
100062,M7,3.674,17.45,27.74,PASS,None
100063,M7,3.668,21.58,27.72,PASS,None
100064,M1,3.647,18.27,27.59,PASS,None
100065,M5,3.65,17.59,27.07,PASS,None
100066,M3,3.65,16.75,27.41,PASS,None
100067,M1,3.706,19.65,27.19,PASS,None
100068,M6,3.659,19.3,27.79,PASS,None
100069,M3,3.695,17.25,27.35,PASS,None
100070,M3,3.711,18.86,27.23,PASS,None
100071,M4,3.67,15.74,27.51,PASS,None
100072,M1,3.677,18.28,27.34,PASS,None
100073,M6,3.746,18.68,27.87,PASS,None
100074,M4,3.628,20.56,27.32,PASS,None
100075,M5,3.681,16.84,27.15,PASS,None
100076,M1,3.694,16.08,26.96,PASS,None
100077,M2,3.69,16.66,27.49,PASS,None
100078,M3,3.696,16.0,27.36,PASS,None
100079,M6,3.664,20.0,27.14,PASS,None
100080,M5,3.678,20.32,27.8,PASS,None
100081,M5,3.639,18.48,27.67,PASS,None
100082,M5,3.66,19.83,27.49,PASS,None
100083,M5,3.646,18.2,27.84,PASS,None
100084,M6,3.71,17.86,27.67,PASS,None
100085,M8,3.724,17.5,27.29,PASS,None
100086,M7,3.708,17.53,27.24,PASS,None
100087,M6,3.588,15.68,27.7,PASS,None
100088,M3,3.641,18.4,27.6,PASS,None
100089,M1,3.662,17.94,27.54,PASS,None
100090,M1,3.634,19.12,27.29,PASS,None
100091,M7,3.652,18.14,27.65,PASS,None
100092,M6,3.665,17.76,27.31,PASS,None
100093,M4,3.672,16.69,27.47,PASS,None
100094,M7,3.643,18.11,27.86,PASS,None
100095,M4,3.676,19.11,27.33,PASS,None
100096,M1,3.66,16.28,27.11,PASS,None
100097,M7,3.668,18.13,27.24,PASS,None
100098,M5,3.661,18.35,27.75,PASS,None
100099,M7,3.711,16.92,27.56,PASS,None
100100,M4,3.662,17.12,27.47,PASS,None
100101,M4,3.684,18.35,27.37,PASS,None
100102,M7,3.67,16.3,27.62,PASS,None
100103,M5,3.68,18.52,27.29,PASS,None
100104,M6,3.699,16.66,27.58,PASS,None
100105,M3,3.699,19.59,27.32,PASS,None
100106,M2,3.674,21.51,27.28,PASS,None
100107,M6,3.657,16.71,27.34,PASS,None
100108,M7,3.647,18.8,27.41,PASS,None
100109,M1,3.695,16.91,27.49,PASS,None
100110,M4,3.653,19.56,27.56,PASS,None
100111,M6,3.699,16.1,26.58,PASS,None
100112,M5,3.677,18.72,27.3,PASS,None
100113,M6,3.652,16.69,27.4,PASS,None
100114,M3,3.665,17.69,27.88,PASS,None
100115,M3,3.635,16.45,27.23,PASS,None
100116,M7,3.68,19.23,27.54,PASS,None
100117,M5,3.692,16.74,27.87,PASS,None
100118,M8,3.65,18.83,27.17,PASS,None
100119,M8,3.689,17.48,27.6,PASS,None
100120,M5,3.724,17.83,27.3,PASS,None
100121,M2,3.71,18.22,27.37,PASS,None
100122,M4,3.676,16.86,27.3,PASS,None
100123,M1,3.685,18.32,27.32,PASS,None
100124,M8,3.711,20.3,28.18,PASS,None
100125,M7,3.712,16.83,27.71,PASS,None
100126,M3,3.653,19.76,27.78,PASS,None
100127,M2,3.612,20.25,27.62,PASS,None
100128,M8,3.69,16.78,27.1,PASS,None
100129,M2,3.711,15.82,27.6,PASS,None
100130,M6,3.687,18.45,27.77,PASS,None
100131,M8,3.712,17.18,27.29,PASS,None
100132,M8,3.723,20.8,27.74,PASS,None
100133,M8,3.636,18.05,27.68,PASS,None
100134,M8,3.678,16.8,27.96,PASS,None
100135,M4,3.633,16.28,27.4,PASS,None
100136,M2,3.698,19.63,27.23,PASS,None
100137,M7,3.628,17.14,27.41,PASS,None
100138,M2,3.648,18.07,27.86,PASS,None
100139,M8,3.701,19.43,27.04,PASS,None
100140,M7,3.737,17.27,26.98,PASS,None
100141,M7,3.7,17.93,27.52,PASS,None
100142,M5,3.7,17.98,27.39,PASS,None
100143,M8,3.652,19.02,27.5,PASS,None
100144,M8,3.705,18.89,27.74,PASS,None
100145,M7,3.737,17.67,27.36,PASS,None
100146,M3,3.671,18.1,27.03,PASS,None
100147,M7,3.618,17.44,28.01,PASS,None
100148,M2,3.692,15.78,27.25,PASS,None
100149,M8,3.664,18.39,27.24,PASS,None
100150,M7,3.708,20.84,27.78,PASS,None
100151,M6,3.667,16.67,27.4,PASS,None
100152,M7,3.649,16.84,27.48,PASS,None
100153,M1,3.742,16.69,27.62,PASS,None
100154,M6,3.69,19.09,27.77,PASS,None
100155,M1,3.709,18.67,27.42,PASS,None
100156,M1,3.661,17.76,27.88,PASS,None
100157,M3,3.63,16.62,26.97,PASS,None
100158,M4,3.674,18.14,27.69,PASS,None
100159,M6,3.768,15.65,27.29,PASS,None
100160,M3,3.658,18.22,27.84,PASS,None
100161,M5,3.656,19.31,27.54,PASS,None
100162,M7,3.645,16.12,27.33,PASS,None
100163,M4,3.678,15.7,27.67,PASS,None
100164,M2,3.658,20.37,27.72,PASS,None
100165,M7,3.648,17.08,27.66,PASS,None
100166,M6,3.636,19.7,27.24,PASS,None
100167,M2,3.646,17.77,27.38,PASS,None
100168,M3,3.661,17.76,27.5,PASS,None
100169,M8,3.681,18.66,27.49,PASS,None
100170,M6,3.681,16.67,27.69,PASS,None
100171,M8,3.655,18.2,27.0,PASS,None
100172,M6,3.653,17.43,27.58,PASS,None
100173,M3,3.625,16.02,27.43,PASS,None
100174,M5,3.701,18.51,27.29,PASS,None
100175,M1,3.626,17.61,27.31,PASS,None
100176,M4,3.656,17.76,27.45,PASS,None
100177,M4,3.684,16.18,26.6,PASS,None
100178,M8,3.685,20.39,27.32,PASS,None
100179,M4,3.711,19.32,27.28,PASS,None
100180,M5,3.645,19.45,27.63,PASS,None
100181,M8,3.603,17.54,27.3,PASS,None
100182,M7,3.681,15.41,27.45,PASS,None
100183,M6,3.68,20.93,27.89,PASS,None
100184,M5,3.683,17.91,27.75,PASS,None
100185,M4,3.668,16.88,27.73,PASS,None
100186,M4,3.663,18.63,27.38,PASS,None
100187,M5,3.701,19.75,27.64,PASS,None
100188,M2,3.661,17.97,27.44,PASS,None
100189,M6,3.622,19.92,27.45,PASS,None
100190,M3,3.73,19.62,27.6,PASS,None
100191,M5,3.706,16.39,27.35,PASS,None
100192,M2,3.708,16.99,27.87,PASS,None
100193,M8,3.693,19.44,27.46,PASS,None
100194,M3,3.747,13.93,27.65,PASS,None
100195,M2,3.665,17.78,27.86,PASS,None
100196,M2,3.657,15.85,27.76,PASS,None
100197,M3,3.7,17.29,27.15,PASS,None
100198,M2,3.666,17.55,27.61,PASS,None
100199,M4,3.665,17.46,27.71,PASS,None
100200,M8,3.647,17.17,27.72,PASS,None
100201,M5,3.685,16.35,27.22,PASS,None
100202,M2,3.646,21.44,27.34,PASS,None
100203,M5,3.703,20.8,27.75,PASS,None
100204,M4,3.649,16.26,27.31,PASS,None
100205,M3,3.682,20.37,27.43,PASS,None
100206,M8,3.694,17.4,27.89,PASS,None
100207,M5,3.734,18.19,27.49,PASS,None
100208,M2,3.67,17.91,27.32,PASS,None
100209,M4,3.682,17.01,27.28,PASS,None
100210,M3,3.723,19.48,27.58,PASS,None
100211,M1,3.653,18.19,27.17,PASS,None
100212,M8,3.684,17.29,27.44,PASS,None
100213,M7,3.672,16.04,27.58,PASS,None
100214,M8,3.635,16.66,27.82,PASS,None
100215,M7,3.599,15.54,27.67,PASS,None
100216,M1,3.713,18.02,27.32,PASS,None
100217,M5,3.678,16.21,27.79,PASS,None
100218,M8,3.686,17.6,27.43,PASS,None
100219,M5,3.687,20.06,27.19,PASS,None
100220,M8,3.669,19.8,27.46,PASS,None
100221,M7,3.662,17.95,27.86,PASS,None
100222,M3,3.725,17.87,27.54,PASS,None
100223,M5,3.715,20.82,27.5,PASS,None
100224,M8,3.669,18.78,27.91,PASS,None
100225,M6,3.631,17.51,27.14,PASS,None
100226,M8,3.719,15.86,27.18,PASS,None
100227,M6,3.662,18.59,27.1,PASS,None
100228,M1,3.709,19.24,27.59,PASS,None
100229,M5,3.701,17.05,27.54,PASS,None
100230,M2,3.709,18.44,27.89,PASS,None
100231,M3,3.698,17.45,27.56,PASS,None
100232,M7,3.637,17.72,27.4,PASS,None
100233,M8,3.666,14.27,27.5,PASS,None
100234,M8,3.639,17.67,27.53,PASS,None
100235,M7,3.647,19.45,27.08,PASS,None
100236,M8,3.727,17.05,28.18,PASS,None
100237,M4,3.664,18.08,27.63,PASS,None
100238,M2,3.706,16.87,27.55,PASS,None
100239,M5,3.673,18.54,27.65,PASS,None
100240,M8,3.632,17.68,27.68,PASS,None
100241,M6,3.687,16.59,27.46,PASS,None
100242,M8,3.69,20.0,27.34,PASS,None
100243,M7,3.688,19.39,27.65,PASS,None
100244,M6,3.637,17.09,27.6,PASS,None
100245,M7,3.687,18.75,27.3,PASS,None
100246,M8,3.711,18.81,27.85,PASS,None
100247,M2,3.656,18.96,27.57,PASS,None
100248,M1,3.654,15.46,27.68,PASS,None
100249,M3,3.662,19.51,27.85,PASS,None
100250,M6,3.645,17.15,27.51,PASS,None
100251,M2,3.651,17.46,27.58,PASS,None
100252,M6,3.685,21.96,27.7,PASS,None
100253,M1,3.661,18.45,27.32,PASS,None
100254,M5,3.674,17.42,27.51,PASS,None
100255,M7,3.68,14.69,27.53,PASS,None
100256,M8,3.727,20.08,27.26,PASS,None
100257,M1,3.705,15.98,28.08,PASS,None
100258,M5,3.63,16.49,27.15,PASS,None
100259,M3,3.682,17.5,27.18,PASS,None
100260,M3,3.634,20.12,27.83,PASS,None
100261,M7,3.7,19.16,27.68,PASS,None
100262,M8,3.697,17.76,27.24,PASS,None
100263,M8,3.695,18.46,27.65,PASS,None
100264,M5,3.637,17.1,27.87,PASS,None
100265,M5,3.68,18.21,27.49,PASS,None
100266,M2,3.675,18.11,28.15,PASS,None
100267,M7,3.682,19.45,27.07,PASS,None
100268,M5,3.676,19.45,27.67,PASS,None
100269,M2,3.722,18.74,27.79,PASS,None
100270,M5,3.667,17.46,27.72,PASS,None
100271,M7,3.706,19.11,27.45,PASS,None
100272,M8,3.71,17.86,27.43,PASS,None
100273,M4,3.664,16.38,27.61,PASS,None
100274,M3,3.657,17.4,27.7,PASS,None
100275,M5,3.731,18.13,27.65,PASS,None
100276,M3,3.672,19.37,27.76,PASS,None
100277,M7,3.656,17.72,27.25,PASS,None
100278,M6,3.682,16.19,27.44,PASS,None
100279,M3,3.694,18.09,27.26,PASS,None
100280,M6,3.701,18.17,27.4,PASS,None
100281,M3,3.686,18.28,27.75,PASS,None
100282,M6,3.746,19.38,27.53,PASS,None
100283,M5,3.656,19.53,28.15,PASS,None
100284,M6,3.73,17.11,27.55,PASS,None
100285,M7,3.653,17.08,27.51,PASS,None
100286,M4,3.703,16.44,27.53,PASS,None
100287,M4,3.723,19.05,27.34,PASS,None
100288,M5,3.658,20.17,27.49,PASS,None
100289,M3,3.699,17.53,27.78,PASS,None
100290,M8,3.655,17.64,27.53,PASS,None
100291,M3,3.677,20.2,27.3,PASS,None
100292,M7,3.686,18.76,27.27,PASS,None
100293,M7,3.757,18.65,27.39,PASS,None
100294,M7,3.71,16.21,27.52,PASS,None
100295,M4,3.692,19.02,27.8,PASS,None
100296,M6,3.715,16.61,27.16,PASS,None
100297,M6,3.702,16.3,27.42,PASS,None
100298,M4,3.689,17.48,27.54,PASS,None
100299,M4,3.72,17.12,27.04,PASS,None
100300,M1,3.671,17.67,27.29,PASS,None
100301,M4,3.686,15.84,27.33,PASS,None
100302,M4,3.695,19.44,27.3,PASS,None
100303,M1,3.667,19.69,27.55,PASS,None
100304,M5,3.726,15.08,27.46,PASS,None
100305,M3,3.69,19.47,27.36,PASS,None
100306,M6,3.682,16.78,27.61,PASS,None
100307,M1,3.687,19.29,27.93,PASS,None
100308,M2,3.641,17.9,27.91,PASS,None
100309,M8,3.725,18.04,27.02,PASS,None
100310,M8,3.74,17.72,27.64,PASS,None
100311,M5,3.683,19.82,27.46,PASS,None
100312,M1,3.704,16.14,27.54,PASS,None
100313,M2,3.638,18.91,27.4,PASS,None
100314,M2,3.679,19.65,27.53,PASS,None
100315,M2,3.633,19.07,27.54,PASS,None
100316,M7,3.694,21.49,27.36,PASS,None
100317,M8,3.638,17.21,27.28,PASS,None
100318,M2,3.717,19.44,27.39,PASS,None
100319,M7,3.696,17.84,27.56,PASS,None
100320,M6,3.719,19.85,27.65,PASS,None
100321,M2,3.676,17.99,27.71,PASS,None
100322,M5,3.73,17.42,27.38,PASS,None
100323,M2,3.684,19.96,27.57,PASS,None
100324,M7,3.66,17.26,27.74,PASS,None
100325,M3,3.667,15.88,27.79,PASS,None
100326,M2,3.703,17.22,27.49,PASS,None
100327,M1,3.655,18.93,27.44,PASS,None
100328,M6,3.65,20.09,27.55,PASS,None
100329,M3,3.668,18.17,27.21,PASS,None
100330,M2,3.623,19.98,27.45,PASS,None
100331,M2,3.644,15.96,27.69,PASS,None
100332,M7,3.702,17.34,27.66,PASS,None
100333,M5,3.725,17.57,27.43,PASS,None
100334,M5,3.651,17.83,27.55,PASS,None
100335,M3,3.707,18.13,27.29,PASS,None
100336,M2,3.662,19.04,27.68,PASS,None
100337,M2,3.738,17.33,27.48,PASS,None
100338,M7,3.693,18.21,27.43,PASS,None
100339,M3,3.667,17.93,27.41,PASS,None
100340,M2,3.659,16.61,27.48,PASS,None
100341,M1,3.732,17.83,27.39,PASS,None
100342,M8,3.687,17.78,27.66,PASS,None
100343,M8,3.671,17.75,27.4,PASS,None
100344,M2,3.705,18.05,27.9,PASS,None
100345,M5,3.646,18.11,27.87,PASS,None
100346,M5,3.7,17.35,27.28,PASS,None
100347,M1,3.709,19.91,27.52,PASS,None
100348,M4,3.704,16.25,27.34,PASS,None
100349,M6,3.726,16.92,27.42,PASS,None
100350,M7,3.679,22.17,28.0,PASS,None
100351,M4,3.676,16.44,27.42,PASS,None
100352,M2,3.718,15.97,27.59,PASS,None
100353,M7,3.704,19.1,27.64,PASS,None
100354,M6,3.634,14.88,27.25,PASS,None
100355,M7,3.653,17.65,27.29,PASS,None
100356,M1,3.694,21.22,27.2,PASS,None
100357,M6,3.687,15.68,27.28,PASS,None
100358,M4,3.666,15.03,26.79,PASS,None
100359,M2,3.724,15.75,27.64,PASS,None
100360,M4,3.668,19.35,28.01,PASS,None
100361,M2,3.687,19.69,27.54,PASS,None
100362,M6,3.684,17.23,27.15,PASS,None
100363,M4,3.671,19.02,27.34,PASS,None
100364,M4,3.682,20.09,27.39,PASS,None
100365,M2,3.674,20.68,27.25,PASS,None
100366,M8,3.691,17.63,27.72,PASS,None
100367,M6,3.743,14.55,27.7,PASS,None
100368,M8,3.65,16.77,27.21,PASS,None
100369,M5,3.658,17.36,27.68,PASS,None
100370,M6,3.702,17.61,27.88,PASS,None
100371,M8,3.692,17.72,27.98,PASS,None
100372,M6,3.672,19.68,28.22,PASS,None
100373,M7,3.714,19.91,27.27,PASS,None
100374,M8,3.643,17.74,28.21,PASS,None
100375,M6,3.684,19.65,27.41,PASS,None
100376,M1,3.683,18.54,27.35,PASS,None
100377,M2,3.73,18.1,27.58,PASS,None
100378,M1,3.706,19.36,27.35,PASS,None
100379,M8,3.703,18.11,27.6,PASS,None
100380,M6,3.726,21.09,27.17,PASS,None
100381,M7,3.682,15.84,27.44,PASS,None
100382,M6,3.633,17.23,27.82,PASS,None
100383,M7,3.652,17.81,27.49,PASS,None
100384,M6,3.643,18.66,27.54,PASS,None
100385,M6,3.657,19.9,27.62,PASS,None
100386,M3,3.666,17.96,27.79,PASS,None
100387,M5,3.646,15.87,27.09,PASS,None
100388,M3,3.754,19.26,27.65,PASS,None
100389,M7,3.701,19.13,27.43,PASS,None
100390,M6,3.684,15.09,27.54,PASS,None
100391,M6,3.651,17.99,27.76,PASS,None
100392,M3,3.674,15.61,27.2,PASS,None
100393,M2,3.684,17.0,27.25,PASS,None
100394,M6,3.628,16.65,27.02,PASS,None
100395,M3,3.651,19.21,27.36,PASS,None
100396,M8,3.643,18.18,27.83,PASS,None
100397,M4,3.656,16.07,27.47,PASS,None
100398,M8,3.696,19.32,27.16,PASS,None
100399,M5,3.69,15.85,27.38,PASS,None
100400,M8,3.665,18.5,27.13,PASS,None
100401,M7,3.676,16.78,27.22,PASS,None
100402,M5,3.655,17.45,27.6,PASS,None
100403,M6,3.641,18.76,27.21,PASS,None
100404,M5,3.71,18.78,27.78,PASS,None
100405,M8,3.665,20.01,27.48,PASS,None
100406,M2,3.742,17.88,27.52,PASS,None
100407,M1,3.693,18.46,27.43,PASS,None
100408,M6,3.677,17.34,27.69,PASS,None
100409,M6,3.705,18.27,27.7,PASS,None
100410,M2,3.636,18.66,27.58,PASS,None
100411,M3,3.663,17.85,27.64,PASS,None
100412,M8,3.667,15.29,27.45,PASS,None
100413,M8,3.67,18.5,27.64,PASS,None
100414,M1,3.644,18.55,27.42,PASS,None
100415,M7,3.682,16.98,27.5,PASS,None
100416,M5,3.638,16.07,27.43,PASS,None
100417,M7,3.618,20.21,27.39,PASS,None
100418,M2,3.651,18.74,27.33,PASS,None
100419,M4,3.665,17.66,27.62,PASS,None
100420,M7,3.69,16.29,27.83,PASS,None
100421,M4,3.687,16.77,27.79,PASS,None
100422,M2,3.656,19.95,27.19,PASS,None
100423,M1,3.72,18.21,27.82,PASS,None
100424,M7,3.673,17.17,27.42,PASS,None
100425,M6,3.747,18.76,27.65,PASS,None
100426,M2,3.669,16.78,27.27,PASS,None
100427,M3,3.702,20.25,27.54,PASS,None
100428,M3,3.634,20.03,27.58,PASS,None
100429,M3,3.646,17.3,27.13,PASS,None
100430,M1,3.76,17.06,27.65,PASS,None
100431,M4,3.671,14.07,27.84,PASS,None
100432,M7,3.679,15.78,27.46,PASS,None
100433,M1,3.666,15.99,27.84,PASS,None
100434,M6,3.655,18.2,27.45,PASS,None
100435,M5,3.684,17.51,27.71,PASS,None
100436,M7,3.694,15.98,26.95,PASS,None
100437,M6,3.728,17.58,28.1,PASS,None
100438,M6,3.646,18.76,27.87,PASS,None
100439,M7,3.655,18.79,27.43,PASS,None
100440,M5,3.699,15.15,27.01,PASS,None
100441,M6,3.681,17.81,27.57,PASS,None
100442,M8,3.676,15.92,27.14,PASS,None
100443,M3,3.722,19.35,27.61,PASS,None
100444,M8,3.734,19.18,27.6,PASS,None
100445,M7,3.667,16.65,27.26,PASS,None
100446,M2,3.681,16.85,27.78,PASS,None
100447,M6,3.686,17.31,27.7,PASS,None
100448,M1,3.633,14.62,27.74,PASS,None
100449,M1,3.641,18.5,27.5,PASS,None
100450,M6,3.627,17.59,27.15,PASS,None
100451,M3,3.669,19.46,27.74,PASS,None
100452,M6,3.696,16.35,27.43,PASS,None
100453,M6,3.685,17.07,27.15,PASS,None
100454,M4,3.653,15.74,27.84,PASS,None
100455,M8,3.672,16.49,28.02,PASS,None
100456,M5,3.652,16.23,27.49,PASS,None
100457,M4,3.644,19.49,28.04,PASS,None
100458,M4,3.674,16.95,27.52,PASS,None
100459,M8,3.665,18.19,27.4,PASS,None
100460,M2,3.663,17.43,27.34,PASS,None
100461,M2,3.697,16.1,27.91,PASS,None
100462,M5,3.726,17.75,27.3,PASS,None
100463,M6,3.696,18.9,27.68,PASS,None
100464,M4,3.681,16.19,27.36,PASS,None
100465,M1,3.639,19.21,27.38,PASS,None
100466,M8,3.655,16.73,27.76,PASS,None
100467,M2,3.722,17.28,27.4,PASS,None
100468,M7,3.656,18.8,27.4,PASS,None
100469,M3,3.677,17.0,27.78,PASS,None
100470,M8,3.705,18.06,27.9,PASS,None
100471,M3,3.661,17.53,27.66,PASS,None
100472,M3,3.683,18.19,27.34,PASS,None
100473,M2,3.686,14.43,27.37,PASS,None
100474,M3,3.648,15.26,27.52,PASS,None
100475,M6,3.735,18.92,27.58,PASS,None
100476,M5,3.679,19.56,27.25,PASS,None
100477,M3,3.707,16.63,27.68,PASS,None
100478,M3,3.69,17.63,27.52,PASS,None
100479,M3,3.684,18.44,27.07,PASS,None
100480,M1,3.709,19.04,27.27,PASS,None
100481,M5,3.696,14.96,27.37,PASS,None
100482,M1,3.699,16.67,27.48,PASS,None
100483,M5,3.688,17.5,27.97,PASS,None
100484,M5,3.761,19.05,27.56,PASS,None
100485,M3,3.711,21.75,27.29,PASS,None
100486,M8,3.699,17.66,27.56,PASS,None
100487,M6,3.674,15.89,27.41,PASS,None
100488,M7,3.699,18.6,27.58,PASS,None
100489,M6,3.656,19.98,27.65,PASS,None
100490,M5,3.652,18.16,27.8,PASS,None
100491,M2,3.659,16.64,27.49,PASS,None
100492,M7,3.692,19.44,27.91,PASS,None
100493,M6,3.705,19.0,27.73,PASS,None
100494,M8,3.665,16.46,27.32,PASS,None
100495,M1,3.637,18.57,28.05,PASS,None
100496,M4,3.722,19.5,27.58,PASS,None
100497,M1,3.679,19.77,27.29,PASS,None
100498,M8,3.744,17.9,27.91,PASS,None
100499,M2,3.707,17.46,28.02,PASS,None
100500,M6,3.661,19.84,27.49,PASS,None
100501,M7,3.673,16.18,27.37,PASS,None
100502,M6,3.7,18.66,27.46,PASS,None
100503,M7,3.644,15.94,27.68,PASS,None
100504,M2,3.628,19.6,27.82,PASS,None
100505,M6,3.719,17.61,27.64,PASS,None
100506,M3,3.741,19.9,27.53,PASS,None
100507,M1,3.675,18.74,27.87,PASS,None
100508,M6,3.709,16.17,27.42,PASS,None
100509,M3,3.664,20.14,27.76,PASS,None
100510,M6,3.635,20.33,27.43,PASS,None
100511,M7,3.67,19.32,27.61,PASS,None
100512,M6,3.664,16.86,27.47,PASS,None
100513,M5,3.678,17.54,27.49,PASS,None
100514,M6,3.666,18.22,27.41,PASS,None
100515,M5,3.647,16.94,27.84,PASS,None
100516,M8,3.706,20.54,27.32,PASS,None
100517,M1,3.664,18.22,27.31,PASS,None
100518,M7,3.692,13.94,28.03,PASS,None
100519,M1,3.727,18.51,27.74,PASS,None
100520,M4,3.658,17.48,26.9,PASS,None
100521,M7,3.698,17.89,27.36,PASS,None
100522,M7,3.694,17.45,27.05,PASS,None
100523,M1,3.696,19.21,27.26,PASS,None
100524,M6,3.65,19.68,26.72,PASS,None
100525,M6,3.626,18.42,27.47,PASS,None
100526,M6,3.651,17.49,27.21,PASS,None
100527,M8,3.648,17.94,27.51,PASS,None
100528,M5,3.707,18.03,27.09,PASS,None
100529,M4,3.655,16.8,27.52,PASS,None
100530,M6,3.586,18.87,27.4,PASS,None
100531,M5,3.615,18.69,27.88,PASS,None
100532,M7,3.746,20.31,27.85,PASS,None
100533,M1,3.678,19.88,27.7,PASS,None
100534,M6,3.66,16.97,27.42,PASS,None
100535,M8,3.696,19.23,28.0,PASS,None
100536,M5,3.683,16.57,27.11,PASS,None
100537,M4,3.703,19.04,27.15,PASS,None
100538,M4,3.784,17.23,27.48,PASS,None
100539,M6,3.669,16.47,28.06,PASS,None
100540,M3,3.639,18.42,27.45,PASS,None
100541,M7,3.728,13.99,27.45,PASS,None
100542,M4,3.717,15.37,27.14,PASS,None
100543,M1,3.691,17.73,27.74,PASS,None
100544,M1,3.715,18.12,27.74,PASS,None
100545,M1,3.656,17.45,27.7,PASS,None
100546,M5,3.638,15.63,27.34,PASS,None
100547,M2,3.678,16.77,27.32,PASS,None
100548,M8,3.699,18.59,27.18,PASS,None
100549,M5,3.715,18.87,27.52,PASS,None
100550,M3,3.694,17.98,27.23,PASS,None
100551,M3,3.692,19.74,27.21,PASS,None
100552,M5,3.722,18.6,27.39,PASS,None
100553,M3,3.719,16.88,27.38,PASS,None
100554,M7,3.656,17.58,27.37,PASS,None
100555,M7,3.644,15.9,27.62,PASS,None
100556,M3,3.7,17.84,27.52,PASS,None
100557,M1,3.668,19.67,27.43,PASS,None
100558,M8,3.669,19.03,27.55,PASS,None
100559,M1,3.708,20.1,27.25,PASS,None
100560,M4,3.677,17.55,27.53,PASS,None
100561,M8,3.65,20.02,27.54,PASS,None
100562,M5,3.684,17.71,27.12,PASS,None
100563,M6,3.691,20.21,27.75,PASS,None
100564,M3,3.644,17.97,27.28,PASS,None
100565,M6,3.649,19.06,27.52,PASS,None
100566,M4,3.685,20.21,27.79,PASS,None
100567,M8,3.707,17.71,27.73,PASS,None
100568,M2,3.673,18.33,27.51,PASS,None
100569,M4,3.677,19.93,27.41,PASS,None
100570,M3,3.67,17.8,27.74,PASS,None
100571,M2,3.663,16.02,27.67,PASS,None
100572,M2,3.689,21.21,27.35,PASS,None
100573,M8,3.687,17.3,27.3,PASS,None
100574,M8,3.699,18.24,26.98,PASS,None
100575,M5,3.665,19.73,27.54,PASS,None
100576,M5,3.735,17.09,27.48,PASS,None
100577,M2,3.684,16.49,27.78,PASS,None
100578,M2,3.634,18.38,27.59,PASS,None
100579,M8,3.716,15.31,27.83,PASS,None
100580,M3,3.67,17.57,27.33,PASS,None
100581,M6,3.653,18.37,27.78,PASS,None
100582,M7,3.695,17.6,27.37,PASS,None
100583,M6,3.594,15.68,27.69,PASS,None
100584,M3,3.63,20.39,27.14,PASS,None
100585,M1,3.688,18.16,27.56,PASS,None
100586,M7,3.719,20.15,27.0,PASS,None
100587,M6,3.685,17.61,27.43,PASS,None
100588,M2,3.655,16.68,27.61,PASS,None
100589,M1,3.68,18.4,27.37,PASS,None
100590,M2,3.722,17.68,27.24,PASS,None
100591,M1,3.654,16.23,27.71,PASS,None
100592,M7,3.672,20.2,27.47,PASS,None
100593,M1,3.647,17.07,27.38,PASS,None
100594,M4,3.702,15.24,27.51,PASS,None
100595,M6,3.669,19.99,28.16,PASS,None
100596,M4,3.724,17.24,27.79,PASS,None
100597,M1,3.669,17.09,27.79,PASS,None
100598,M7,3.653,15.35,27.61,PASS,None
100599,M6,3.712,20.61,27.54,PASS,None
100600,M6,3.683,16.07,26.9,PASS,None
100601,M3,3.629,18.09,27.33,PASS,None
100602,M8,3.696,19.37,27.38,PASS,None
100603,M3,3.666,18.63,27.03,PASS,None
100604,M7,3.709,17.91,27.21,PASS,None
100605,M7,3.616,15.45,27.0,PASS,None
100606,M6,3.645,16.79,27.49,PASS,None
100607,M6,3.673,18.28,27.7,PASS,None
100608,M1,3.688,16.82,27.78,PASS,None
100609,M2,3.677,18.31,27.6,PASS,None
100610,M8,3.685,19.02,27.26,PASS,None
100611,M1,3.675,19.44,27.02,PASS,None
100612,M8,3.683,16.16,27.06,PASS,None
100613,M7,3.669,21.29,27.18,PASS,None
100614,M5,3.682,19.15,27.28,PASS,None
100615,M5,3.721,18.0,27.46,PASS,None
100616,M8,3.701,19.63,27.25,PASS,None
100617,M6,3.641,21.55,27.58,PASS,None
100618,M7,3.652,15.84,27.44,PASS,None
100619,M3,3.693,17.66,27.5,PASS,None
100620,M5,3.697,14.43,27.79,PASS,None
100621,M4,3.717,18.29,27.2,PASS,None
100622,M8,3.713,18.55,27.6,PASS,None
100623,M5,3.647,17.94,27.5,PASS,None
100624,M8,3.706,17.02,27.42,PASS,None
100625,M3,3.66,14.93,27.72,PASS,None
100626,M3,3.655,18.56,27.72,PASS,None
100627,M1,3.643,20.18,27.26,PASS,None
100628,M1,3.689,17.11,27.45,PASS,None
100629,M2,3.666,18.66,27.57,PASS,None
100630,M4,3.682,15.65,27.43,PASS,None
100631,M1,3.681,18.69,27.65,PASS,None
100632,M8,3.73,17.41,27.57,PASS,None
100633,M1,3.703,16.86,27.96,PASS,None
100634,M5,3.683,16.86,27.12,PASS,None
100635,M3,3.633,17.41,27.47,PASS,None
100636,M4,3.686,18.57,27.27,PASS,None
100637,M6,3.703,16.03,27.65,PASS,None
100638,M6,3.661,17.4,27.1,PASS,None
100639,M4,3.672,17.94,27.59,PASS,None
100640,M1,3.699,16.35,27.34,PASS,None
100641,M7,3.745,20.69,27.32,PASS,None
100642,M1,3.676,16.72,27.14,PASS,None
100643,M8,3.641,17.0,27.38,PASS,None
100644,M2,3.682,16.53,27.77,PASS,None
100645,M4,3.689,20.7,27.49,PASS,None
100646,M5,3.682,18.83,27.66,PASS,None
100647,M1,3.687,16.6,27.92,PASS,None
100648,M4,3.673,19.66,27.57,PASS,None
100649,M2,3.716,18.3,27.36,PASS,None
100650,M7,3.729,18.39,27.62,PASS,None
100651,M7,3.658,17.48,27.36,PASS,None
100652,M6,3.777,16.88,27.37,PASS,None
100653,M4,3.675,18.51,27.12,PASS,None
100654,M6,3.695,17.18,27.73,PASS,None
100655,M8,3.674,20.73,27.4,PASS,None
100656,M7,3.715,16.1,27.55,PASS,None
100657,M2,3.715,20.3,27.24,PASS,None
100658,M2,3.667,17.83,27.61,PASS,None
100659,M7,3.651,18.45,27.31,PASS,None
100660,M7,3.64,19.25,27.46,PASS,None
100661,M2,3.699,17.05,27.72,PASS,None
100662,M6,3.695,19.3,27.7,PASS,None
100663,M2,3.704,13.94,27.49,PASS,None
100664,M7,3.705,16.92,27.06,PASS,None
100665,M6,3.684,16.61,28.25,PASS,None
100666,M7,3.655,16.12,27.94,PASS,None
100667,M7,3.655,17.68,27.68,PASS,None
100668,M3,3.682,18.58,27.31,PASS,None
100669,M3,3.694,19.05,27.47,PASS,None
100670,M8,3.659,18.36,27.36,PASS,None
100671,M7,3.699,17.0,27.82,PASS,None
100672,M8,3.618,18.55,27.57,PASS,None
100673,M4,3.677,18.19,27.3,PASS,None
100674,M4,3.644,19.4,27.38,PASS,None
100675,M5,3.743,19.17,27.78,PASS,None
100676,M7,3.658,18.05,27.9,PASS,None
100677,M7,3.685,16.65,27.88,PASS,None
100678,M5,3.762,17.02,27.69,PASS,None
100679,M8,3.679,17.18,27.44,PASS,None
100680,M6,3.669,17.53,26.69,PASS,None
100681,M4,3.653,18.4,27.57,PASS,None
100682,M7,3.679,19.07,27.5,PASS,None
100683,M3,3.707,17.92,27.53,PASS,None
100684,M8,3.676,18.02,27.51,PASS,None
100685,M5,3.656,18.21,27.17,PASS,None
100686,M8,3.684,17.23,27.64,PASS,None
100687,M4,3.693,16.61,27.66,PASS,None
100688,M7,3.658,15.37,27.67,PASS,None
100689,M8,3.732,16.96,27.74,PASS,None
100690,M1,3.714,18.71,27.65,PASS,None
100691,M2,3.661,16.95,27.4,PASS,None
100692,M3,3.719,17.64,27.48,PASS,None
100693,M7,3.677,18.7,27.52,PASS,None
100694,M1,3.602,18.78,27.53,PASS,None
100695,M4,3.663,16.38,27.75,PASS,None
100696,M8,3.729,19.5,27.66,PASS,None
100697,M6,3.697,19.69,28.02,PASS,None
100698,M5,3.674,16.31,28.05,PASS,None
100699,M3,3.638,16.76,27.52,PASS,None
100700,M8,3.651,19.79,26.54,PASS,None
100701,M6,3.641,17.78,27.81,PASS,None
100702,M8,3.7,14.67,27.36,PASS,None
100703,M1,3.668,15.9,27.3,PASS,None
100704,M6,3.662,17.63,27.4,PASS,None
100705,M4,3.677,16.26,27.39,PASS,None
100706,M6,3.68,17.38,27.65,PASS,None
100707,M4,3.676,18.05,27.11,PASS,None
100708,M3,3.691,20.19,27.23,PASS,None
100709,M7,3.701,17.56,27.59,PASS,None
100710,M8,3.682,19.61,27.66,PASS,None
100711,M1,3.664,20.14,27.66,PASS,None
100712,M5,3.725,20.15,27.3,PASS,None
100713,M3,3.687,18.43,27.26,PASS,None
100714,M8,3.689,15.06,27.37,PASS,None
100715,M6,3.635,18.69,27.56,PASS,None
100716,M2,3.632,19.57,27.87,PASS,None
100717,M3,3.678,17.88,26.99,PASS,None
100718,M2,3.659,20.62,27.44,PASS,None
100719,M2,3.712,19.29,27.17,PASS,None
100720,M3,3.696,18.85,27.09,PASS,None
100721,M7,3.727,19.63,27.74,PASS,None
100722,M7,3.641,18.5,27.64,PASS,None
100723,M3,3.705,14.26,27.61,PASS,None
100724,M5,3.7,17.25,27.73,PASS,None
100725,M8,3.627,19.8,27.38,PASS,None
100726,M1,3.678,16.79,27.39,PASS,None
100727,M7,3.677,17.66,28.05,PASS,None
100728,M7,3.729,16.43,27.44,PASS,None
100729,M8,3.672,20.68,27.68,PASS,None
100730,M1,3.703,20.52,27.5,PASS,None
100731,M5,3.689,16.67,27.04,PASS,None
100732,M3,3.676,18.22,26.99,PASS,None
100733,M2,3.733,16.98,27.36,PASS,None
100734,M6,3.643,18.92,27.76,PASS,None
100735,M4,3.735,18.76,27.7,PASS,None
100736,M5,3.673,19.22,27.73,PASS,None
100737,M6,3.712,18.5,27.25,PASS,None
100738,M4,3.689,22.4,27.9,PASS,None
100739,M7,3.747,16.46,27.26,PASS,None
100740,M4,3.66,15.43,27.55,PASS,None
100741,M5,3.657,17.41,27.5,PASS,None
100742,M6,3.666,15.65,27.46,PASS,None
100743,M5,3.662,15.76,27.83,PASS,None
100744,M3,3.712,16.5,27.32,PASS,None
100745,M3,3.68,16.62,27.16,PASS,None
100746,M3,3.698,16.57,27.5,PASS,None
100747,M7,3.731,18.78,27.4,PASS,None
100748,M7,3.687,17.24,28.34,PASS,None
100749,M2,3.676,17.73,27.67,PASS,None
100750,M6,3.72,19.34,27.4,PASS,None
100751,M1,3.639,16.85,27.24,PASS,None
100752,M6,3.665,17.6,27.03,PASS,None
100753,M4,3.686,18.55,27.24,PASS,None
100754,M5,3.644,15.09,27.53,PASS,None
100755,M3,3.621,14.42,27.86,PASS,None
100756,M1,3.676,18.52,27.78,PASS,None
100757,M1,3.656,18.74,27.56,PASS,None
100758,M8,3.639,21.1,27.42,PASS,None
100759,M3,3.71,18.24,27.57,PASS,None
100760,M5,3.666,19.23,27.37,PASS,None
100761,M5,3.662,17.71,27.93,PASS,None
100762,M1,3.673,18.45,27.45,PASS,None
100763,M4,3.734,20.5,27.48,PASS,None
100764,M2,3.662,14.81,26.95,PASS,None
100765,M2,3.689,18.62,27.45,PASS,None
100766,M8,3.64,21.2,27.71,PASS,None
100767,M2,3.665,18.42,27.23,PASS,None
100768,M8,3.766,20.48,27.31,PASS,None
100769,M2,3.7,17.06,27.7,PASS,None
100770,M6,3.74,17.95,27.13,PASS,None
100771,M7,3.713,18.05,27.76,PASS,None
100772,M2,3.655,14.67,27.37,PASS,None
100773,M3,3.696,16.25,27.4,PASS,None
100774,M3,3.728,16.35,27.22,PASS,None
100775,M4,3.651,19.23,27.59,PASS,None
100776,M2,3.698,19.31,28.11,PASS,None
100777,M6,3.628,18.49,27.7,PASS,None
100778,M4,3.693,19.24,27.28,PASS,None
100779,M4,3.68,17.75,27.78,PASS,None
100780,M1,3.69,19.8,27.42,PASS,None
100781,M4,3.618,18.01,27.84,PASS,None
100782,M1,3.659,18.09,27.7,PASS,None
100783,M2,3.715,17.6,26.76,PASS,None
100784,M1,3.647,19.03,27.25,PASS,None
100785,M7,3.671,17.37,27.74,PASS,None
100786,M3,3.686,19.46,27.54,PASS,None
100787,M2,3.641,16.3,27.24,PASS,None
100788,M1,3.723,16.35,27.34,PASS,None
100789,M7,3.652,19.03,27.02,PASS,None
100790,M2,3.672,17.87,27.48,PASS,None
100791,M5,3.716,17.32,28.05,PASS,None
100792,M4,3.633,19.34,27.7,PASS,None
100793,M7,3.646,17.09,28.05,PASS,None
100794,M5,3.686,17.7,27.72,PASS,None
100795,M1,3.672,20.1,27.76,PASS,None
100796,M2,3.711,20.31,27.99,PASS,None
100797,M5,3.639,20.36,27.59,PASS,None
100798,M2,3.64,17.58,27.45,PASS,None
100799,M1,3.687,19.85,27.76,PASS,None
100800,M5,3.684,16.58,27.86,PASS,None
100801,M5,3.728,16.64,27.38,PASS,None
100802,M6,3.709,14.47,27.32,PASS,None
100803,M5,3.708,20.51,27.53,PASS,None
100804,M8,3.651,16.7,27.71,PASS,None
100805,M1,3.702,17.81,27.7,PASS,None
100806,M6,3.639,16.63,27.14,PASS,None
100807,M2,3.669,19.04,27.98,PASS,None
100808,M1,3.691,17.44,27.34,PASS,None
100809,M8,3.709,16.04,27.43,PASS,None
100810,M3,3.648,18.66,27.27,PASS,None
100811,M4,3.693,15.85,28.17,PASS,None
100812,M6,3.701,16.74,27.56,PASS,None
100813,M2,3.733,14.84,27.29,PASS,None
100814,M3,3.698,15.86,27.72,PASS,None
100815,M7,3.688,18.27,27.69,PASS,None
100816,M5,3.651,15.05,27.45,PASS,None
100817,M1,3.677,15.78,27.71,PASS,None
100818,M5,3.724,18.0,27.29,PASS,None
100819,M8,3.698,17.18,27.38,PASS,None
100820,M4,3.703,20.99,27.0,PASS,None
100821,M3,3.7,20.75,27.17,PASS,None
100822,M4,3.686,16.7,27.95,PASS,None
100823,M6,3.713,18.84,27.91,PASS,None
100824,M5,3.64,19.12,27.52,PASS,None
100825,M7,3.673,17.1,27.92,PASS,None
100826,M5,3.698,15.76,27.46,PASS,None
100827,M7,3.741,17.98,27.44,PASS,None
100828,M2,3.708,17.74,27.51,PASS,None
100829,M7,3.672,17.35,27.47,PASS,None
100830,M7,3.656,18.66,27.45,PASS,None
100831,M5,3.641,16.87,27.79,PASS,None
100832,M6,3.673,16.27,27.54,PASS,None
100833,M4,3.703,18.16,27.68,PASS,None
100834,M2,3.658,18.58,27.76,PASS,None
100835,M8,3.766,16.24,27.6,PASS,None
100836,M2,3.637,19.39,27.26,PASS,None
100837,M8,3.692,15.34,27.16,PASS,None
100838,M2,3.688,17.13,27.54,PASS,None
100839,M1,3.677,17.61,27.46,PASS,None
100840,M2,3.765,17.05,27.52,PASS,None
100841,M7,3.71,17.15,27.5,PASS,None
100842,M5,3.689,20.81,28.15,PASS,None
100843,M8,3.691,16.72,27.17,PASS,None
100844,M2,3.65,21.66,27.0,PASS,None
100845,M2,3.717,18.66,27.58,PASS,None
100846,M3,3.681,18.14,27.41,PASS,None
100847,M2,3.662,18.71,27.58,PASS,None
100848,M2,3.683,21.79,27.65,PASS,None
100849,M8,3.711,16.51,27.82,PASS,None
100850,M2,3.627,16.32,27.12,PASS,None
100851,M3,3.656,16.87,27.36,PASS,None
100852,M8,3.681,18.05,27.61,PASS,None
100853,M3,3.656,15.41,27.69,PASS,None
100854,M5,3.685,18.03,28.05,PASS,None
100855,M1,3.654,20.54,27.74,PASS,None
100856,M5,3.665,18.23,27.49,PASS,None
100857,M1,3.666,17.56,27.28,PASS,None
100858,M3,3.638,17.07,27.36,PASS,None
100859,M1,3.687,19.35,27.35,PASS,None
100860,M8,3.692,16.76,27.66,PASS,None
100861,M6,3.714,20.77,27.56,PASS,None
100862,M1,3.674,20.9,27.17,PASS,None
100863,M1,3.712,18.39,27.39,PASS,None
100864,M6,3.681,17.98,27.72,PASS,None
100865,M2,3.655,19.55,27.59,PASS,None
100866,M5,3.672,19.64,27.64,PASS,None
100867,M4,3.659,16.79,27.6,PASS,None
100868,M3,3.672,17.21,27.91,PASS,None
100869,M6,3.715,16.02,27.56,PASS,None
100870,M3,3.64,18.61,27.4,PASS,None
100871,M5,3.692,19.0,27.27,PASS,None
100872,M2,3.677,15.98,27.56,PASS,None
100873,M1,3.701,17.32,26.89,PASS,None
100874,M6,3.724,15.98,27.45,PASS,None
100875,M6,3.726,16.65,27.45,PASS,None
100876,M1,3.679,18.83,27.16,PASS,None
100877,M2,3.675,16.9,27.27,PASS,None
100878,M6,3.715,17.55,27.7,PASS,None
100879,M2,3.646,15.56,27.56,PASS,None
100880,M3,3.67,18.28,27.53,PASS,None
100881,M8,3.644,17.93,27.58,PASS,None
100882,M6,3.633,16.91,27.52,PASS,None
100883,M7,3.661,17.72,27.81,PASS,None
100884,M3,3.715,18.27,27.53,PASS,None
100885,M7,3.647,16.78,27.14,PASS,None
100886,M6,3.704,15.79,27.91,PASS,None
100887,M8,3.69,20.71,27.59,PASS,None
100888,M4,3.632,17.05,27.35,PASS,None
100889,M2,3.686,17.85,27.19,PASS,None
100890,M8,3.694,19.52,27.6,PASS,None
100891,M4,3.651,23.29,27.47,PASS,None
100892,M5,3.634,16.13,27.89,PASS,None
100893,M1,3.701,18.67,27.41,PASS,None
100894,M3,3.695,16.94,27.29,PASS,None
100895,M6,3.698,17.19,27.72,PASS,None
100896,M8,3.699,16.92,27.73,PASS,None
100897,M3,3.683,16.31,27.54,PASS,None
100898,M5,3.714,17.94,27.67,PASS,None
100899,M2,3.701,15.79,27.49,PASS,None
100900,M7,3.707,19.42,27.56,PASS,None
100901,M2,3.685,18.08,27.79,PASS,None
100902,M1,3.684,18.63,27.66,PASS,None
100903,M7,3.655,17.3,27.46,PASS,None
100904,M6,3.634,17.45,27.84,PASS,None
100905,M5,3.699,18.43,26.91,PASS,None
100906,M4,3.676,16.25,28.01,PASS,None
100907,M8,3.654,17.46,27.07,PASS,None
100908,M1,3.679,16.71,27.34,PASS,None
100909,M8,3.664,16.66,27.49,PASS,None
100910,M4,3.728,14.84,27.46,PASS,None
100911,M2,3.737,20.01,27.75,PASS,None
100912,M7,3.686,16.97,27.24,PASS,None
100913,M2,3.696,19.75,27.57,PASS,None
100914,M3,3.693,19.6,27.36,PASS,None
100915,M3,3.69,16.07,27.57,PASS,None
100916,M8,3.672,16.37,27.48,PASS,None
100917,M5,3.656,21.84,27.52,PASS,None
100918,M2,3.663,20.63,27.36,PASS,None
100919,M7,3.64,17.95,27.37,PASS,None
100920,M7,3.656,18.39,27.57,PASS,None
100921,M4,3.682,17.05,27.74,PASS,None
100922,M7,3.699,18.65,27.35,PASS,None
100923,M2,3.674,16.92,27.28,PASS,None
100924,M4,3.633,14.95,27.65,PASS,None
100925,M7,3.675,16.02,27.49,PASS,None
100926,M4,3.699,18.03,27.71,PASS,None
100927,M6,3.644,16.3,27.27,PASS,None
100928,M7,3.665,17.9,27.06,PASS,None
100929,M5,3.657,16.39,27.37,PASS,None
100930,M7,3.66,16.83,27.31,PASS,None
100931,M3,3.676,19.28,27.48,PASS,None
100932,M2,3.627,18.37,27.34,PASS,None
100933,M6,3.684,17.99,27.69,PASS,None
100934,M8,3.653,19.32,27.43,PASS,None
100935,M1,3.675,18.72,27.54,PASS,None
100936,M3,3.664,20.17,27.54,PASS,None
100937,M1,3.738,17.31,27.55,PASS,None
100938,M1,3.706,17.36,27.49,PASS,None
100939,M6,3.692,16.05,27.63,PASS,None
100940,M5,3.702,17.36,27.3,PASS,None
100941,M4,3.675,19.45,27.85,PASS,None
100942,M6,3.674,19.95,27.44,PASS,None
100943,M2,3.626,19.44,27.17,PASS,None
100944,M7,3.676,15.31,27.55,PASS,None
100945,M1,3.736,19.62,27.29,PASS,None
100946,M5,3.668,15.24,27.67,PASS,None
100947,M3,3.733,19.35,28.05,PASS,None
100948,M3,3.649,17.45,27.3,PASS,None
100949,M4,3.655,19.05,27.58,PASS,None
100950,M6,3.703,16.0,27.06,PASS,None
100951,M6,3.718,19.76,27.61,PASS,None
100952,M2,3.682,15.8,27.28,PASS,None
100953,M6,3.658,17.0,27.34,PASS,None
100954,M3,3.705,16.5,27.22,PASS,None
100955,M6,3.662,15.37,27.68,PASS,None
100956,M5,3.714,18.14,27.75,PASS,None
100957,M3,3.616,20.71,27.51,PASS,None
100958,M4,3.648,22.0,27.28,PASS,None
100959,M7,3.688,18.15,27.9,PASS,None
100960,M8,3.616,19.68,27.31,PASS,None
100961,M1,3.601,18.35,26.96,PASS,None
100962,M5,3.727,18.75,27.61,PASS,None
100963,M8,3.68,17.49,27.22,PASS,None
100964,M5,3.676,18.29,27.75,PASS,None
100965,M2,3.617,18.81,27.4,PASS,None
100966,M5,3.69,17.13,27.65,PASS,None
100967,M8,3.664,17.88,27.85,PASS,None
100968,M6,3.701,17.91,27.2,PASS,None
100969,M4,3.667,19.24,27.36,PASS,None
100970,M1,3.699,16.4,27.48,PASS,None
100971,M3,3.703,17.92,27.88,PASS,None
100972,M5,3.698,20.87,27.34,PASS,None
100973,M7,3.655,19.75,27.35,PASS,None
100974,M6,3.677,20.02,27.62,PASS,None
100975,M8,3.685,18.04,27.36,PASS,None
100976,M3,3.709,18.48,27.54,PASS,None
100977,M5,3.653,19.5,27.11,PASS,None
100978,M5,3.722,20.34,28.05,PASS,None
100979,M6,3.636,15.07,27.16,PASS,None
100980,M6,3.676,16.03,27.42,PASS,None
100981,M7,3.692,19.96,27.49,PASS,None
100982,M5,3.59,17.58,27.98,PASS,None
100983,M1,3.716,16.99,27.17,PASS,None
100984,M8,3.714,16.12,28.0,PASS,None
100985,M7,3.712,17.17,27.69,PASS,None
100986,M1,3.648,15.9,27.6,PASS,None
100987,M6,3.666,21.14,27.25,PASS,None
100988,M3,3.668,17.97,27.64,PASS,None
100989,M2,3.623,17.91,27.32,PASS,None
100990,M6,3.676,18.88,27.82,PASS,None
100991,M8,3.712,19.44,27.26,PASS,None
100992,M3,3.653,19.42,27.47,PASS,None
100993,M7,3.698,19.61,27.36,PASS,None
100994,M7,3.691,17.05,27.25,PASS,None
100995,M1,3.67,17.55,27.69,PASS,None
100996,M1,3.751,19.15,27.63,PASS,None
100997,M1,3.679,17.21,27.8,PASS,None
100998,M4,3.671,17.99,27.06,PASS,None
100999,M3,3.698,18.6,27.77,PASS,None
101000,M3,3.658,19.18,28.13,PASS,None
101001,M5,3.7,15.33,27.39,PASS,None
101002,M7,3.635,19.07,27.97,PASS,None
101003,M8,3.67,17.65,27.43,PASS,None
101004,M7,3.636,19.06,27.16,PASS,None
101005,M3,3.638,19.17,27.42,PASS,None
101006,M3,3.692,20.41,27.76,PASS,None
101007,M7,3.655,20.03,27.29,PASS,None
101008,M1,3.667,20.02,27.35,PASS,None
101009,M1,3.664,20.17,27.65,PASS,None
101010,M8,3.661,18.44,27.5,PASS,None
101011,M8,3.686,18.05,27.65,PASS,None
101012,M1,3.688,19.31,27.56,PASS,None
101013,M5,3.699,19.1,27.62,PASS,None
101014,M7,3.693,17.54,27.39,PASS,None
101015,M5,3.707,18.61,27.56,PASS,None
101016,M4,3.719,17.95,27.27,PASS,None
101017,M4,3.674,16.72,27.82,PASS,None
101018,M5,3.648,19.94,27.34,PASS,None
101019,M4,3.636,18.08,27.78,PASS,None
101020,M4,3.666,21.07,27.44,PASS,None
101021,M2,3.632,15.56,27.55,PASS,None
101022,M3,3.685,17.16,27.38,PASS,None
101023,M2,3.639,18.05,27.25,PASS,None
101024,M8,3.725,19.71,27.06,PASS,None
101025,M1,3.7,18.6,27.24,PASS,None
101026,M5,3.679,18.47,27.42,PASS,None
101027,M7,3.621,16.31,27.55,PASS,None
101028,M1,3.688,16.26,27.75,PASS,None
101029,M6,3.62,18.48,27.39,PASS,None
101030,M2,3.709,15.95,27.28,PASS,None
101031,M2,3.65,17.2,27.14,PASS,None
101032,M5,3.705,18.75,27.62,PASS,None
101033,M7,3.66,16.53,27.85,PASS,None
101034,M3,3.711,20.41,27.82,PASS,None
101035,M3,3.654,19.84,27.68,PASS,None
101036,M8,3.619,15.64,27.66,PASS,None
101037,M6,3.669,16.6,27.92,PASS,None
101038,M8,3.682,14.57,27.58,PASS,None
101039,M8,3.716,16.83,27.66,PASS,None
101040,M6,3.67,19.15,27.42,PASS,None
101041,M6,3.684,17.38,27.16,PASS,None
101042,M7,3.726,18.69,27.33,PASS,None
101043,M8,3.676,15.72,27.5,PASS,None
101044,M3,3.723,19.2,27.52,PASS,None
101045,M1,3.701,17.17,27.98,PASS,None
101046,M8,3.682,18.02,27.52,PASS,None
101047,M6,3.679,17.86,27.79,PASS,None
101048,M1,3.692,16.09,27.39,PASS,None
101049,M7,3.684,16.27,27.42,PASS,None
101050,M8,3.664,19.45,27.17,PASS,None
101051,M8,3.651,18.6,27.31,PASS,None
101052,M8,3.682,19.58,27.63,PASS,None
101053,M2,3.665,18.49,27.5,PASS,None
101054,M1,3.659,18.21,27.74,PASS,None
101055,M4,3.661,15.41,27.55,PASS,None
101056,M6,3.668,17.59,27.41,PASS,None
101057,M8,3.645,17.96,28.04,PASS,None
101058,M6,3.657,20.93,27.48,PASS,None
101059,M2,3.713,19.03,27.79,PASS,None
101060,M6,3.691,20.3,27.4,PASS,None
101061,M6,3.657,18.9,27.68,PASS,None
101062,M3,3.704,16.93,27.73,PASS,None
101063,M2,3.672,18.18,27.55,PASS,None
101064,M4,3.661,18.35,26.91,PASS,None
101065,M8,3.704,16.59,27.5,PASS,None
101066,M2,3.698,17.42,27.81,PASS,None
101067,M8,3.69,17.69,27.63,PASS,None
101068,M8,3.661,20.41,27.61,PASS,None
101069,M7,3.702,14.88,27.07,PASS,None
101070,M3,3.645,19.81,27.32,PASS,None
101071,M7,3.699,16.59,27.6,PASS,None
101072,M7,3.662,15.94,27.6,PASS,None
101073,M5,3.646,19.77,27.8,PASS,None
101074,M8,3.696,19.1,27.46,PASS,None
101075,M5,3.645,19.88,27.6,PASS,None
101076,M4,3.676,19.2,27.5,PASS,None
101077,M6,3.649,21.09,27.25,PASS,None
101078,M6,3.679,18.84,26.94,PASS,None
101079,M8,3.686,17.77,27.61,PASS,None
101080,M5,3.776,18.51,27.54,PASS,None
101081,M1,3.68,19.87,27.35,PASS,None
101082,M1,3.666,16.83,27.1,PASS,None
101083,M5,3.7,17.02,27.66,PASS,None
101084,M1,3.718,17.54,27.43,PASS,None
101085,M1,3.65,14.84,27.64,PASS,None
101086,M4,3.72,18.21,27.97,PASS,None
101087,M4,3.639,15.17,26.96,PASS,None
101088,M1,3.744,18.08,27.33,PASS,None
101089,M6,3.695,19.3,27.45,PASS,None
101090,M5,3.651,17.28,27.86,PASS,None
101091,M4,3.652,20.52,27.09,PASS,None
101092,M4,3.68,15.81,27.98,PASS,None
101093,M8,3.656,19.79,27.53,PASS,None
101094,M3,3.712,19.01,27.48,PASS,None
101095,M7,3.661,15.43,27.45,PASS,None
101096,M5,3.673,22.07,27.39,PASS,None
101097,M1,3.717,17.9,27.76,PASS,None
101098,M1,3.649,16.68,27.23,PASS,None
101099,M5,3.647,15.89,27.59,PASS,None
101100,M2,3.651,17.67,27.4,PASS,None
101101,M3,3.712,17.81,27.31,PASS,None
101102,M7,3.69,18.15,28.15,PASS,None
101103,M2,3.65,17.55,27.6,PASS,None
101104,M6,3.652,18.95,27.65,PASS,None
101105,M4,3.679,17.42,27.78,PASS,None
101106,M1,3.744,15.1,27.14,PASS,None
101107,M8,3.632,17.78,27.94,PASS,None
101108,M1,3.698,14.45,26.87,PASS,None
101109,M2,3.647,18.53,27.31,PASS,None
101110,M1,3.637,16.53,27.39,PASS,None
101111,M8,3.731,18.25,27.65,PASS,None
101112,M6,3.681,19.97,27.55,PASS,None
101113,M3,3.701,16.58,27.46,PASS,None
101114,M2,3.714,19.59,27.5,PASS,None
101115,M7,3.658,17.35,27.26,PASS,None
101116,M2,3.675,20.63,27.13,PASS,None
101117,M1,3.691,17.45,27.68,PASS,None
101118,M1,3.677,16.74,27.67,PASS,None
101119,M3,3.693,19.03,27.9,PASS,None
101120,M4,3.627,17.35,27.3,PASS,None
101121,M8,3.65,16.74,27.67,PASS,None
101122,M6,3.68,17.28,27.43,PASS,None
101123,M1,3.68,17.93,27.8,PASS,None
101124,M1,3.743,20.01,27.76,PASS,None
101125,M2,3.672,15.1,27.55,PASS,None
101126,M2,3.66,18.03,27.42,PASS,None
101127,M7,3.691,18.94,27.74,PASS,None
101128,M3,3.659,18.29,27.66,PASS,None
101129,M7,3.708,19.96,27.33,PASS,None
101130,M5,3.652,17.89,27.17,PASS,None
101131,M1,3.743,17.72,27.43,PASS,None
101132,M2,3.726,18.89,27.88,PASS,None
101133,M2,3.696,18.15,27.79,PASS,None
101134,M4,3.673,17.41,27.22,PASS,None
101135,M3,3.704,18.77,27.21,PASS,None
101136,M4,3.751,17.02,27.82,PASS,None
101137,M8,3.735,17.08,27.22,PASS,None
101138,M5,3.674,17.21,27.63,PASS,None
101139,M2,3.642,20.03,27.35,PASS,None
101140,M6,3.682,13.17,27.9,PASS,None
101141,M2,3.624,18.59,27.31,PASS,None
101142,M4,3.708,18.05,27.79,PASS,None
101143,M6,3.701,15.48,27.55,PASS,None
101144,M3,3.681,18.46,27.56,PASS,None
101145,M6,3.688,18.71,27.01,PASS,None
101146,M6,3.686,18.88,26.95,PASS,None
101147,M5,3.692,14.02,27.44,PASS,None
101148,M8,3.653,20.05,27.56,PASS,None
101149,M5,3.673,16.89,27.22,PASS,None
101150,M3,3.641,19.03,27.23,PASS,None
101151,M5,3.592,19.11,27.64,PASS,None
101152,M5,3.668,16.68,27.64,PASS,None
101153,M2,3.737,18.99,27.47,PASS,None
101154,M7,3.707,17.42,27.7,PASS,None
101155,M5,3.664,14.89,27.21,PASS,None
101156,M3,3.678,19.75,27.41,PASS,None
101157,M5,3.682,16.84,27.91,PASS,None
101158,M7,3.648,16.72,27.52,PASS,None
101159,M4,3.712,17.4,27.53,PASS,None
101160,M3,3.602,18.41,28.08,PASS,None
101161,M3,3.645,17.91,27.15,PASS,None
101162,M6,3.7,18.82,27.7,PASS,None
101163,M4,3.663,15.99,27.92,PASS,None
101164,M4,3.662,16.89,27.42,PASS,None
101165,M6,3.697,17.83,27.71,PASS,None
101166,M1,3.672,20.85,27.25,PASS,None
101167,M2,3.685,17.83,27.33,PASS,None
101168,M5,3.63,19.63,27.6,PASS,None
101169,M7,3.702,18.06,27.7,PASS,None
101170,M2,3.666,17.27,27.78,PASS,None
101171,M4,3.693,17.63,27.89,PASS,None
101172,M6,3.69,17.75,27.48,PASS,None
101173,M3,3.709,18.91,27.8,PASS,None
101174,M2,3.722,20.06,27.41,PASS,None
101175,M4,3.674,18.54,27.73,PASS,None
101176,M6,3.649,19.78,27.55,PASS,None
101177,M4,3.684,16.55,27.61,PASS,None
101178,M8,3.73,17.38,27.61,PASS,None
101179,M4,3.677,16.91,27.1,PASS,None
101180,M1,3.719,18.47,27.22,PASS,None
101181,M3,3.719,17.46,27.53,PASS,None
101182,M3,3.719,19.09,27.08,PASS,None
101183,M3,3.664,16.6,27.71,PASS,None
101184,M5,3.752,18.06,27.72,PASS,None
101185,M8,3.692,19.03,27.58,PASS,None
101186,M7,3.647,14.9,27.22,PASS,None
101187,M5,3.612,21.18,27.85,PASS,None
101188,M8,3.676,17.58,28.01,PASS,None
101189,M4,3.686,14.96,27.54,PASS,None
101190,M2,3.719,18.24,27.63,PASS,None
101191,M3,3.633,18.05,27.55,PASS,None
101192,M8,3.663,17.88,27.63,PASS,None
101193,M2,3.739,19.49,27.47,PASS,None
101194,M1,3.652,19.12,27.49,PASS,None
101195,M7,3.662,18.45,27.73,PASS,None
101196,M4,3.666,18.68,28.09,PASS,None
101197,M2,3.745,17.84,27.15,PASS,None
101198,M8,3.713,20.66,27.47,PASS,None
101199,M7,3.693,15.78,27.2,PASS,None
101200,M1,3.658,18.21,27.9,PASS,None
101201,M1,3.702,18.1,27.35,PASS,None
101202,M6,3.712,19.22,27.14,PASS,None
101203,M3,3.678,16.73,27.66,PASS,None
101204,M5,3.69,15.38,27.94,PASS,None
101205,M5,3.64,18.24,27.67,PASS,None
101206,M7,3.712,18.42,27.55,PASS,None
101207,M3,3.622,20.23,27.6,PASS,None
101208,M5,3.648,16.09,27.85,PASS,None
101209,M7,3.643,19.73,27.28,PASS,None
101210,M4,3.661,21.55,27.47,PASS,None
101211,M2,3.688,17.43,27.39,PASS,None
101212,M6,3.695,16.06,27.21,PASS,None
101213,M3,3.667,17.39,27.42,PASS,None
101214,M2,3.681,18.02,27.78,PASS,None
101215,M2,3.686,18.85,27.64,PASS,None
101216,M6,3.669,17.11,27.66,PASS,None
101217,M7,3.692,20.33,27.54,PASS,None
101218,M1,3.694,16.33,27.63,PASS,None
101219,M8,3.675,15.39,27.3,PASS,None
101220,M4,3.656,19.66,27.42,PASS,None
101221,M3,3.725,14.59,27.55,PASS,None
101222,M4,3.694,17.69,27.57,PASS,None
101223,M2,3.708,22.68,27.58,PASS,None
101224,M7,3.703,17.98,27.47,PASS,None
101225,M1,3.676,16.32,27.41,PASS,None
101226,M2,3.666,17.91,28.29,PASS,None
101227,M6,3.684,17.92,27.73,PASS,None
101228,M8,3.655,18.24,27.6,PASS,None
101229,M5,3.718,18.99,27.44,PASS,None
101230,M2,3.704,16.44,27.39,PASS,None
101231,M2,3.706,20.53,27.47,PASS,None
101232,M8,3.695,18.37,27.57,PASS,None
101233,M4,3.711,19.09,27.03,PASS,None
101234,M1,3.652,17.06,27.11,PASS,None
101235,M2,3.663,19.93,27.34,PASS,None
101236,M4,3.684,17.61,27.55,PASS,None
101237,M1,3.695,18.42,27.44,PASS,None
101238,M5,3.672,16.6,27.87,PASS,None
101239,M2,3.675,16.5,27.13,PASS,None
101240,M6,3.733,19.03,27.31,PASS,None
101241,M3,3.656,17.33,27.88,PASS,None
101242,M8,3.712,16.72,27.53,PASS,None
101243,M4,3.699,17.04,27.72,PASS,None
101244,M4,3.675,19.05,28.01,PASS,None
101245,M3,3.668,17.06,27.33,PASS,None
101246,M8,3.638,17.82,27.48,PASS,None
101247,M8,3.691,18.02,27.43,PASS,None
101248,M8,3.675,15.12,27.01,PASS,None
101249,M3,3.718,15.79,27.42,PASS,None
101250,M4,3.69,18.5,27.72,PASS,None
101251,M7,3.653,16.89,27.64,PASS,None
101252,M6,3.748,19.59,27.65,PASS,None
101253,M8,3.683,19.45,27.41,PASS,None
101254,M6,3.704,19.08,27.34,PASS,None
101255,M4,3.646,20.73,27.82,PASS,None
101256,M6,3.666,17.88,27.38,PASS,None
101257,M3,3.655,18.97,27.57,PASS,None
101258,M5,3.691,17.12,27.54,PASS,None
101259,M6,3.622,21.68,27.87,PASS,None
101260,M4,3.67,20.98,27.74,PASS,None
101261,M6,3.697,18.02,27.18,PASS,None
101262,M3,3.648,18.58,27.2,PASS,None
101263,M2,3.691,20.04,27.64,PASS,None
101264,M7,3.674,17.78,27.48,PASS,None
101265,M3,3.673,17.02,27.39,PASS,None
101266,M7,3.653,19.31,27.75,PASS,None
101267,M8,3.643,18.12,27.55,PASS,None
101268,M7,3.696,18.27,27.51,PASS,None
101269,M1,3.692,16.75,27.69,PASS,None
101270,M2,3.702,15.42,27.41,PASS,None
101271,M5,3.641,18.35,27.89,PASS,None
101272,M6,3.679,19.36,27.3,PASS,None
101273,M6,3.664,17.66,27.66,PASS,None
101274,M3,3.687,20.15,27.86,PASS,None
101275,M8,3.638,16.94,27.16,PASS,None
101276,M7,3.696,16.42,27.41,PASS,None
101277,M3,3.709,17.9,27.79,PASS,None
101278,M7,3.668,17.88,27.79,PASS,None
101279,M2,3.654,19.15,27.46,PASS,None
101280,M4,3.653,16.84,27.32,PASS,None
101281,M5,3.725,20.05,27.74,PASS,None
101282,M5,3.668,20.95,27.8,PASS,None
101283,M7,3.674,17.94,27.21,PASS,None
101284,M3,3.646,19.87,27.2,PASS,None
101285,M2,3.641,16.42,27.56,PASS,None
101286,M2,3.673,19.61,27.66,PASS,None
101287,M1,3.69,19.57,27.43,PASS,None
101288,M2,3.649,19.3,27.67,PASS,None
101289,M2,3.684,17.98,27.32,PASS,None
101290,M4,3.677,13.57,26.97,PASS,None
101291,M8,3.645,17.04,27.39,PASS,None
101292,M3,3.688,17.06,27.52,PASS,None
101293,M6,3.69,16.53,27.43,PASS,None
101294,M8,3.652,18.18,27.21,PASS,None
101295,M8,3.613,17.37,27.05,PASS,None
101296,M5,3.72,16.76,27.37,PASS,None
101297,M2,3.655,16.41,27.72,PASS,None
101298,M7,3.713,16.93,27.81,PASS,None
101299,M1,3.69,19.68,27.8,PASS,None
101300,M6,3.677,17.01,27.3,PASS,None
101301,M8,3.727,17.23,27.21,PASS,None
101302,M7,3.636,17.31,27.62,PASS,None
101303,M1,3.647,18.51,27.66,PASS,None
101304,M7,3.661,18.68,27.6,PASS,None
101305,M4,3.678,13.43,27.0,PASS,None
101306,M7,3.666,19.53,27.28,PASS,None
101307,M7,3.668,20.15,27.49,PASS,None
101308,M5,3.684,16.42,27.62,PASS,None
101309,M7,3.644,16.54,27.69,PASS,None
101310,M3,3.732,17.32,27.54,PASS,None
101311,M8,3.689,16.87,27.58,PASS,None
101312,M4,3.641,18.34,27.52,PASS,None
101313,M1,3.687,15.08,27.67,PASS,None
101314,M2,3.596,16.32,27.58,PASS,None
101315,M8,3.699,20.31,27.52,PASS,None
101316,M2,3.638,16.61,27.43,PASS,None
101317,M4,3.747,19.87,27.52,PASS,None
101318,M8,3.656,18.53,27.62,PASS,None
101319,M6,3.713,15.29,27.57,PASS,None
101320,M5,3.737,18.95,27.6,PASS,None
101321,M3,3.663,17.82,27.84,PASS,None
101322,M1,3.617,17.32,27.57,PASS,None
101323,M7,3.674,18.37,27.34,PASS,None
101324,M4,3.68,18.71,27.72,PASS,None
101325,M4,3.687,19.06,27.16,PASS,None
101326,M6,3.648,19.77,27.23,PASS,None
101327,M2,3.775,18.61,27.58,PASS,None
101328,M4,3.619,15.94,27.63,PASS,None
101329,M2,3.745,17.29,27.19,PASS,None
101330,M6,3.665,22.41,27.4,PASS,None
101331,M2,3.617,19.09,27.35,PASS,None
101332,M1,3.664,21.55,27.38,PASS,None
101333,M3,3.658,20.09,27.74,PASS,None
101334,M3,3.695,18.36,27.68,PASS,None
101335,M1,3.597,18.45,27.5,PASS,None
101336,M2,3.689,17.95,27.36,PASS,None
101337,M6,3.657,15.39,27.16,PASS,None
101338,M8,3.657,18.03,27.86,PASS,None
101339,M7,3.661,19.82,27.65,PASS,None
101340,M5,3.639,17.1,27.32,PASS,None
101341,M5,3.654,18.62,27.68,PASS,None
101342,M4,3.665,19.28,27.48,PASS,None
101343,M6,3.695,16.64,27.43,PASS,None
101344,M3,3.599,17.32,27.61,PASS,None
101345,M8,3.693,16.47,27.31,PASS,None
101346,M8,3.674,16.77,27.41,PASS,None
101347,M3,3.627,16.07,27.53,PASS,None
101348,M4,3.663,16.65,27.38,PASS,None
101349,M7,3.674,20.13,27.67,PASS,None
101350,M3,3.686,16.63,27.97,PASS,None
101351,M7,3.647,18.19,27.31,PASS,None
101352,M2,3.696,17.25,27.08,PASS,None
101353,M1,3.697,19.77,27.0,PASS,None
101354,M4,3.683,19.97,27.46,PASS,None
101355,M2,3.677,19.3,27.33,PASS,None
101356,M8,3.701,18.46,27.55,PASS,None
101357,M1,3.631,17.65,27.53,PASS,None
101358,M1,3.681,16.21,27.1,PASS,None
101359,M2,3.665,20.92,27.05,PASS,None
101360,M6,3.665,16.86,27.57,PASS,None
101361,M6,3.725,19.0,27.53,PASS,None
101362,M1,3.68,19.59,27.39,PASS,None
101363,M2,3.638,17.17,27.09,PASS,None
101364,M2,3.684,19.56,27.62,PASS,None
101365,M4,3.695,19.15,27.82,PASS,None
101366,M3,3.679,20.59,27.57,PASS,None
101367,M2,3.718,17.3,27.29,PASS,None
101368,M8,3.684,16.07,27.51,PASS,None
101369,M2,3.672,17.24,27.16,PASS,None
101370,M6,3.654,18.31,27.76,PASS,None
101371,M6,3.73,18.09,27.52,PASS,None
101372,M6,3.625,17.41,27.06,PASS,None
101373,M6,3.657,15.14,27.42,PASS,None
101374,M7,3.692,18.71,27.62,PASS,None
101375,M6,3.649,20.96,27.42,PASS,None
101376,M1,3.722,18.7,27.43,PASS,None
101377,M1,3.714,18.91,27.19,PASS,None
101378,M1,3.664,18.86,27.64,PASS,None
101379,M6,3.709,18.6,27.34,PASS,None
101380,M3,3.717,19.4,26.96,PASS,None
101381,M6,3.641,18.59,27.41,PASS,None
101382,M6,3.68,17.53,27.75,PASS,None
101383,M5,3.67,16.81,27.4,PASS,None
101384,M4,3.651,17.63,27.93,PASS,None
101385,M8,3.704,18.47,27.61,PASS,None
101386,M5,3.679,17.53,27.58,PASS,None
101387,M2,3.668,18.47,27.47,PASS,None
101388,M7,3.693,18.66,27.48,PASS,None
101389,M1,3.708,19.25,27.43,PASS,None
101390,M1,3.674,19.92,27.42,PASS,None
101391,M6,3.679,18.12,27.63,PASS,None
101392,M6,3.682,16.04,27.27,PASS,None
101393,M3,3.68,17.48,27.23,PASS,None
101394,M8,3.664,18.07,27.22,PASS,None
101395,M4,3.755,15.25,28.01,PASS,None
101396,M3,3.67,20.08,27.63,PASS,None
101397,M8,3.724,18.21,27.58,PASS,None
101398,M7,3.665,18.57,27.24,PASS,None
101399,M7,3.595,20.05,27.66,PASS,None
101400,M8,3.647,17.05,27.47,PASS,None
101401,M7,3.67,18.86,27.55,PASS,None
101402,M4,3.593,17.84,27.26,PASS,None
101403,M7,3.677,17.72,27.54,PASS,None
101404,M2,3.62,16.84,27.39,PASS,None
101405,M6,3.734,20.5,27.31,PASS,None
101406,M6,3.625,17.44,27.68,PASS,None
101407,M5,3.666,19.05,27.12,PASS,None
101408,M3,3.704,15.19,27.64,PASS,None
101409,M4,3.683,19.77,27.67,PASS,None
101410,M2,3.724,19.58,27.28,PASS,None
101411,M4,3.633,18.15,27.29,PASS,None
101412,M1,3.676,17.66,27.44,PASS,None
101413,M5,3.627,18.6,27.57,PASS,None
101414,M6,3.7,21.43,27.46,PASS,None
101415,M4,3.681,15.36,27.61,PASS,None
101416,M8,3.682,19.17,27.94,PASS,None
101417,M1,3.677,16.63,27.37,PASS,None
101418,M5,3.714,17.97,27.07,PASS,None
101419,M4,3.672,17.63,27.71,PASS,None
101420,M1,3.677,17.36,27.92,PASS,None
101421,M2,3.679,17.98,27.6,PASS,None
101422,M6,3.623,16.3,27.23,PASS,None
101423,M7,3.676,19.54,27.47,PASS,None
101424,M6,3.639,15.31,27.22,PASS,None
101425,M3,3.658,18.81,27.66,PASS,None
101426,M1,3.694,17.51,27.16,PASS,None
101427,M6,3.716,16.24,27.42,PASS,None
101428,M1,3.692,18.3,27.25,PASS,None
101429,M6,3.727,15.66,27.53,PASS,None
101430,M5,3.662,18.06,27.41,PASS,None
101431,M7,3.712,15.87,27.54,PASS,None
101432,M4,3.685,18.69,27.51,PASS,None
101433,M3,3.655,16.61,27.25,PASS,None
101434,M4,3.709,17.32,27.66,PASS,None
101435,M7,3.663,18.44,27.49,PASS,None
101436,M8,3.672,16.84,27.25,PASS,None
101437,M3,3.687,17.91,28.06,PASS,None
101438,M3,3.716,15.73,27.62,PASS,None
101439,M7,3.696,18.95,27.46,PASS,None
101440,M6,3.67,20.65,27.85,PASS,None
101441,M3,3.661,22.19,27.96,PASS,None
101442,M6,3.707,18.14,27.46,PASS,None
101443,M8,3.692,19.18,27.59,PASS,None
101444,M3,3.688,15.33,27.25,PASS,None
101445,M3,3.634,20.25,27.46,PASS,None
101446,M4,3.667,19.16,27.45,PASS,None
101447,M1,3.744,17.27,27.55,PASS,None
101448,M3,3.673,19.86,27.58,PASS,None
101449,M6,3.645,17.62,27.64,PASS,None
101450,M8,3.682,17.31,27.56,PASS,None
101451,M4,3.692,18.71,27.2,PASS,None
101452,M5,3.666,16.4,27.27,PASS,None
101453,M4,3.693,19.53,27.36,PASS,None
101454,M8,3.719,16.42,27.43,PASS,None
101455,M4,3.668,16.42,27.76,PASS,None
101456,M7,3.686,16.64,27.21,PASS,None
101457,M1,3.65,19.14,27.41,PASS,None
101458,M8,3.697,17.07,27.74,PASS,None
101459,M1,3.699,15.98,27.43,PASS,None
101460,M4,3.681,17.09,27.62,PASS,None
101461,M5,3.673,17.95,27.47,PASS,None
101462,M7,3.637,16.23,27.56,PASS,None
101463,M3,3.688,16.27,27.44,PASS,None
101464,M2,3.671,21.17,27.67,PASS,None
101465,M3,3.654,16.71,27.11,PASS,None
101466,M7,3.712,17.52,27.41,PASS,None
101467,M1,3.66,17.45,27.57,PASS,None
101468,M8,3.707,17.37,27.63,PASS,None
101469,M3,3.693,18.93,27.87,PASS,None
101470,M2,3.683,19.42,27.4,PASS,None
101471,M6,3.686,17.54,27.87,PASS,None
101472,M3,3.625,16.15,27.34,PASS,None
101473,M1,3.71,19.91,27.83,PASS,None
101474,M3,3.71,17.86,27.7,PASS,None
101475,M7,3.688,20.6,27.27,PASS,None
101476,M5,3.674,14.63,27.58,PASS,None
101477,M3,3.69,18.29,27.49,PASS,None
101478,M1,3.702,20.88,27.66,PASS,None
101479,M1,3.672,17.47,27.44,PASS,None
101480,M4,3.682,17.66,27.42,PASS,None
101481,M8,3.63,18.44,27.84,PASS,None
101482,M1,3.693,17.16,27.48,PASS,None
101483,M4,3.667,17.53,27.71,PASS,None
101484,M1,3.697,17.49,27.44,PASS,None
101485,M3,3.642,17.06,27.92,PASS,None
101486,M6,3.696,19.84,27.33,PASS,None
101487,M7,3.705,18.69,27.35,PASS,None
101488,M3,3.647,18.38,27.88,PASS,None
101489,M1,3.681,19.21,27.39,PASS,None
101490,M6,3.722,17.6,27.9,PASS,None
101491,M2,3.707,16.84,27.72,PASS,None
101492,M2,3.698,17.1,27.46,PASS,None
101493,M7,3.647,18.0,27.05,PASS,None
101494,M1,3.701,16.41,27.5,PASS,None
101495,M8,3.694,17.25,27.53,PASS,None
101496,M7,3.686,17.23,27.79,PASS,None
101497,M6,3.656,21.19,27.9,PASS,None
101498,M8,3.732,13.84,27.33,PASS,None
101499,M5,3.609,17.73,27.7,PASS,None
